date,store_id,item_id,sales
2019-01-01,101,4,1034.7699907107863
2019-01-02,101,3,992.3206656888442
2019-01-03,101,2,1049.3315343329216
2019-01-04,103,3,1112.5896152475057
2019-01-05,102,3,991.556037001169
2019-01-06,102,3,993.5065713837383
2019-01-07,101,1,1122.365705351971
2019-01-08,102,4,1067.4363433389217
2019-01-09,103,1,982.7135266768994
2019-01-10,103,4,1055.3778244154669
2019-01-11,102,2,986.7377830472958
2019-01-12,102,2,988.3064064073084
2019-01-13,101,3,1039.5230579454237
2019-01-14,102,4,890.2778391033956
2019-01-15,101,4,905.0244592135955
2019-01-16,101,4,987.9054233540652
2019-01-17,103,3,957.7960652125712
2019-01-18,103,3,1052.048529487281
2019-01-19,103,2,967.7713910986145
2019-01-20,103,1,933.6753610981045
2019-01-21,102,4,1136.2542532168247
2019-01-22,103,4,1018.8925879897032
2019-01-23,102,1,1040.375268730612
2019-01-24,103,4,936.7781845754789
2019-01-25,102,3,999.1747727219263
2019-01-26,101,3,1045.7239660539142
2019-01-27,102,4,957.9727769971264
2019-01-28,102,3,1065.3277955972635
2019-01-29,103,3,997.373280905222
2019-01-30,102,4,1019.2899571559741
2019-01-31,101,2,997.7803366081044
2019-02-01,101,1,1169.6508234832
2019-02-02,103,3,1039.0381383900049
2019-02-03,101,2,965.8348361112437
2019-02-04,102,3,1097.244736265322
2019-02-05,101,3,953.9003823769858
2019-02-06,103,1,1053.5743568854607
2019-02-07,102,3,901.2740994474276
2019-02-08,103,1,944.8789800846065
2019-02-09,102,1,1050.9386751109932
2019-02-10,101,1,1088.0645576727059
2019-02-11,103,2,1047.490274428633
2019-02-12,103,4,1026.4329948987781
2019-02-13,102,2,1012.3986929406898
2019-02-14,103,4,928.8433168270636
2019-02-15,102,4,980.7338332878871
2019-02-16,102,1,997.5834945198837
2019-02-17,102,3,1102.457489946958
2019-02-18,102,1,1051.0718074918384
2019-02-19,101,3,902.0977772099886
2019-02-20,102,4,1046.6247636217938
2019-02-21,103,1,995.3515890665145
2019-02-22,101,3,973.2355148514414
2019-02-23,103,2,1061.6985618704562
2019-02-24,101,3,1089.2651617840697
2019-02-25,102,1,1080.4560480202272
2019-02-26,101,2,954.6542993806515
2019-02-27,101,3,989.8542541841167
2019-02-28,103,3,1032.7584133668088
2019-03-01,103,3,1075.9050647930062
2019-03-02,102,3,972.1026036732244
2019-03-03,101,3,990.6624573228303
2019-03-04,101,2,924.2197783169097
2019-03-05,101,4,915.9292464196672
2019-03-06,102,2,1054.5418418304907
2019-03-07,102,2,1090.6089966187533
2019-03-08,102,2,988.6494637236467
2019-03-09,102,4,1061.9712239855057
2019-03-10,102,1,1015.0928776722611
2019-03-11,103,4,942.6999566693041
2019-03-12,101,2,1011.2663632780042
2019-03-13,101,3,1091.7766329611795
2019-03-14,101,3,979.7913595305092
2019-03-15,101,2,1090.0535899607523
2019-03-16,101,3,795.4243970773781
2019-03-17,101,2,1034.670722556572
2019-03-18,101,3,981.6189791389633
2019-03-19,101,4,953.0444799847826
2019-03-20,103,1,978.9126079901262
2019-03-21,101,1,831.9426510144771
2019-03-22,103,4,954.350868039057
2019-03-23,102,4,993.4568698287744
2019-03-24,101,2,1070.7214986893298
2019-03-25,102,2,929.8817366778269
2019-03-26,102,2,908.5424169009334
2019-03-27,102,3,929.0774326199391
2019-03-28,103,2,1027.431510769167
2019-03-29,102,4,985.61047457384
2019-03-30,102,1,924.8527027807266
2019-03-31,102,3,997.2977978931093
2019-04-01,101,2,967.694223747759
2019-04-02,101,3,1028.3313949971728
2019-04-03,103,3,911.1086432832468
2019-04-04,103,2,937.141472187801
2019-04-05,101,3,932.5554989781849
2019-04-06,103,1,857.5822420717366
2019-04-07,101,4,980.8818350410867
2019-04-08,102,4,978.6520076139237
2019-04-09,102,1,961.059837459999
2019-04-10,103,3,944.7027778876668
2019-04-11,101,2,862.5670770699455
2019-04-12,101,3,932.8128806609886
2019-04-13,103,1,938.9773965500169
2019-04-14,101,3,907.6099254957385
2019-04-15,102,4,953.3718139545733
2019-04-16,103,3,993.9261802399541
2019-04-17,103,1,1098.7423153957811
2019-04-18,101,4,980.0796406641425
2019-04-19,103,3,987.1179478483541
2019-04-20,101,3,965.1856934768125
2019-04-21,101,4,837.4644019062514
2019-04-22,101,2,971.3744344275044
2019-04-23,101,4,978.965449180979
2019-04-24,101,2,1148.7583246487297
2019-04-25,103,1,964.507310761416
2019-04-26,102,1,1000.7771508633825
2019-04-27,102,4,978.9860889440827
2019-04-28,103,4,901.4019766530384
2019-04-29,103,1,1065.042530422842
2019-04-30,102,2,1039.5531196932845
2019-05-01,102,1,1044.1956163650561
2019-05-02,102,4,927.0997666323925
2019-05-03,102,1,1090.909101594643
2019-05-04,102,4,896.5587492504396
2019-05-05,101,4,1037.7564204533192
2019-05-06,103,1,1152.004725144796
2019-05-07,101,2,931.3350132602259
2019-05-08,102,3,963.0297585886682
2019-05-09,102,1,1011.6375637501546
2019-05-10,102,3,971.3983884464643
2019-05-11,101,1,900.0583593488833
2019-05-12,101,3,1015.345815531333
2019-05-13,102,2,938.1003945797079
2019-05-14,101,2,1047.4972242841748
2019-05-15,101,1,951.8343004282978
2019-05-16,102,4,1126.4971713024524
2019-05-17,101,3,964.9368035820078
2019-05-18,103,4,998.9335979635232
2019-05-19,103,4,1080.0837957914048
2019-05-20,103,4,938.578942976144
2019-05-21,103,2,1042.2016593710405
2019-05-22,102,1,1119.2537905969605
2019-05-23,102,1,916.6349351857492
2019-05-24,102,2,1043.4152137917179
2019-05-25,103,2,1049.9385101513558
2019-05-26,103,1,1087.650836184872
2019-05-27,101,4,947.4309150636768
2019-05-28,101,3,942.5947056278159
2019-05-29,103,3,1072.484233425648
2019-05-30,103,3,1057.5690541594818
2019-05-31,103,4,1055.054498595201
2019-06-01,103,1,1062.417465315969
2019-06-02,101,2,991.115056370765
2019-06-03,103,1,1055.4284701087183
2019-06-04,101,4,1060.0418024859878
2019-06-05,103,2,989.7793519026012
2019-06-06,103,4,1170.5459495951172
2019-06-07,103,3,1073.1679873960618
2019-06-08,101,3,956.5664088694054
2019-06-09,101,4,1085.7745036946728
2019-06-10,102,2,971.3466129490226
2019-06-11,103,2,1094.3299156867877
2019-06-12,102,1,1119.8972829643217
2019-06-13,102,3,980.8124603814406
2019-06-14,101,1,1105.0655513142935
2019-06-15,101,1,1065.7988332951286
2019-06-16,102,4,1093.631084549866
2019-06-17,103,4,1167.954888687011
2019-06-18,101,1,1017.0067882033303
2019-06-19,103,3,980.341559152655
2019-06-20,103,4,969.673474431153
2019-06-21,102,1,973.5893263271188
2019-06-22,102,1,1023.9787642559772
2019-06-23,102,1,1051.8629353812719
2019-06-24,102,1,1045.8871251563887
2019-06-25,101,1,1082.8917855826894
2019-06-26,101,1,1024.306820147124
2019-06-27,102,4,1123.4933231476557
2019-06-28,101,3,1001.5148559316584
2019-06-29,102,1,1208.6974807826796
2019-06-30,103,2,1060.2814537532208
2019-07-01,103,4,954.6416074853566
2019-07-02,103,4,937.8014596296962
2019-07-03,102,1,1044.6263984315683
2019-07-04,103,4,993.2732015912003
2019-07-05,101,1,1056.935614001664
2019-07-06,103,3,1038.1048106604305
2019-07-07,103,3,997.8903077296003
2019-07-08,103,4,941.715456753346
2019-07-09,101,4,892.9519196662432
2019-07-10,102,2,965.7379085368362
2019-07-11,101,4,1054.952114117973
2019-07-12,102,2,1008.0134908401951
2019-07-13,102,3,903.8653735236095
2019-07-14,103,3,1001.252239753145
2019-07-15,102,1,1014.1914488361276
2019-07-16,101,3,923.4708142958435
2019-07-17,101,2,994.2598350995032
2019-07-18,102,4,985.7731745402072
2019-07-19,103,1,899.9358740246885
2019-07-20,103,2,1003.2842707888051
2019-07-21,101,4,1015.843823880055
2019-07-22,103,1,1050.810761066554
2019-07-23,102,3,1047.2340787404032
2019-07-24,102,2,875.568156739262
2019-07-25,101,4,904.9643099897496
2019-07-26,102,1,1005.3450363140629
2019-07-27,101,1,1004.0148415878147
2019-07-28,102,3,1002.9402792779972
2019-07-29,101,4,1235.4980271969791
2019-07-30,103,3,1004.7745053496549
2019-07-31,102,3,1043.395062414289
2019-08-01,102,4,1029.869106580012
2019-08-02,101,4,1007.9621445800095
2019-08-03,101,4,939.6657522243684
2019-08-04,102,2,1014.3279307177015
2019-08-05,101,4,906.6647857797102
2019-08-06,102,1,943.8457870282454
2019-08-07,103,3,926.2071015197076
2019-08-08,101,2,965.7727228812898
2019-08-09,102,4,1122.0264914051174
2019-08-10,103,2,829.3506650595358
2019-08-11,103,4,1008.2561097980563
2019-08-12,102,2,847.5858879601485
2019-08-13,101,3,927.7976602286869
2019-08-14,102,3,1037.5142218872652
2019-08-15,103,1,966.3388313405989
2019-08-16,102,1,887.0440275044772
2019-08-17,101,4,913.1555993252152
2019-08-18,103,3,1011.6313121142094
2019-08-19,102,2,913.8562487922633
2019-08-20,101,2,981.1439845872836
2019-08-21,103,2,970.2768849945186
2019-08-22,101,1,922.6520704722137
2019-08-23,103,2,1119.5967428960114
2019-08-24,102,1,1015.227732529174
2019-08-25,101,1,830.4990155428826
2019-08-26,103,4,986.7857323460194
2019-08-27,101,2,928.9494629767315
2019-08-28,101,2,1036.5472349790539
2019-08-29,102,3,923.0606315896936
2019-08-30,101,4,972.2193602280931
2019-08-31,103,3,1017.3632109472479
2019-09-01,103,4,1044.425110677943
2019-09-02,103,2,901.6500802166225
2019-09-03,103,1,964.1401392918885
2019-09-04,102,1,956.224556564101
2019-09-05,101,1,945.6795023054191
2019-09-06,102,1,1116.9576298017444
2019-09-07,101,1,1023.7043941135685
2019-09-08,101,3,909.0852473024988
2019-09-09,101,4,1063.5955409675807
2019-09-10,102,2,1149.8958556797297
2019-09-11,101,3,1075.6138457382247
2019-09-12,102,4,898.9733840400168
2019-09-13,103,1,973.4075802846077
2019-09-14,103,4,1097.9441734471252
2019-09-15,101,4,961.6568118697724
2019-09-16,102,1,1044.1663375357437
2019-09-17,103,1,1069.195923785884
2019-09-18,102,1,951.9215484625998
2019-09-19,102,2,1014.4330400250428
2019-09-20,101,1,793.4577447700599
2019-09-21,103,2,950.3351117568144
2019-09-22,101,1,1006.0031699907677
2019-09-23,101,2,937.91961677119
2019-09-24,103,4,1141.0515817630785
2019-09-25,103,3,928.1243019817423
2019-09-26,102,4,998.811921529309
2019-09-27,103,4,1040.0736910014527
2019-09-28,102,1,1133.0405072966928
2019-09-29,102,2,932.7901912516008
2019-09-30,102,3,1115.787935245107
2019-10-01,103,1,1036.0628193419566
2019-10-02,101,1,967.5325841189818
2019-10-03,102,1,1069.386540910774
2019-10-04,101,4,1051.6820054679072
2019-10-05,101,2,996.3468245338115
2019-10-06,103,2,1043.7664460051005
2019-10-07,101,3,1012.329461894677
2019-10-08,101,2,1047.5705083953821
2019-10-09,103,2,1086.1972818974266
2019-10-10,102,1,1150.9935526800914
2019-10-11,101,1,953.3496213793368
2019-10-12,103,4,1189.2334023345932
2019-10-13,101,1,903.0994980787353
2019-10-14,101,1,1028.8459219184936
2019-10-15,102,1,1080.2796609101877
2019-10-16,101,1,1058.2957418034234
2019-10-17,103,4,994.4696536187723
2019-10-18,101,1,1022.8272446959779
2019-10-19,102,3,1002.1294489794471
2019-10-20,102,3,994.5361138995254
2019-10-21,103,3,1094.3264656798617
2019-10-22,102,3,1058.8209572632707
2019-10-23,101,1,984.2171988699419
2019-10-24,102,3,1094.5020739753402
2019-10-25,103,1,1051.7714525270123
2019-10-26,102,4,1085.8156022992064
2019-10-27,102,3,1071.5717677537834
2019-10-28,102,2,967.9818628417397
2019-10-29,103,3,985.2475903421697
2019-10-30,102,3,1075.1584271450279
2019-10-31,102,1,1063.904297209161
2019-11-01,101,3,1017.9928359766616
2019-11-02,103,2,1025.8978035746763
2019-11-03,102,1,1105.3061656304142
2019-11-04,103,1,972.6046960963062
2019-11-05,102,4,1050.4215509517308
2019-11-06,102,4,996.0509840332344
2019-11-07,102,3,993.0210150516064
2019-11-08,101,4,1083.2066660433736
2019-11-09,101,4,1062.08929052114
2019-11-10,101,4,1059.2629071791805
2019-11-11,103,1,1091.7020438522406
2019-11-12,103,1,999.7892948055395
2019-11-13,101,1,1044.0604339815402
2019-11-14,103,4,972.6189418994536
2019-11-15,102,1,1015.0573014192233
2019-11-16,102,4,981.3027667055799
2019-11-17,102,1,995.2735848828877
2019-11-18,101,1,1028.2447302702415
2019-11-19,103,2,927.4416954862966
2019-11-20,101,3,1129.3558566161646
2019-11-21,103,4,910.6819038390822
2019-11-22,102,2,894.3715232321343
2019-11-23,101,1,1058.7456702935335
2019-11-24,103,4,1031.463274349196
2019-11-25,103,1,1018.164119899733
2019-11-26,102,3,1016.9525626643265
2019-11-27,101,2,970.671312205951
2019-11-28,101,3,907.3521532972463
2019-11-29,101,2,974.172235932189
2019-11-30,102,1,920.2483736036902
2019-12-01,101,3,1034.7727102184526
2019-12-02,102,3,955.168644382534
2019-12-03,102,1,906.712514881264
2019-12-04,102,3,941.1237055240055
2019-12-05,103,4,991.7402412899189
2019-12-06,101,2,922.6815388913934
2019-12-07,101,2,903.9886726351675
2019-12-08,102,2,978.1001675881402
2019-12-09,102,4,977.7850597743449
2019-12-10,101,2,924.8451005346454
2019-12-11,102,1,927.1513159650535
2019-12-12,101,3,976.2600367606659
2019-12-13,103,4,858.643118852267
2019-12-14,102,2,861.5789967783778
2019-12-15,101,1,910.0025292935042
2019-12-16,102,3,945.6437332171498
2019-12-17,101,3,982.738489373134
2019-12-18,101,4,1064.7373631887356
2019-12-19,102,4,1022.0823937074164
2019-12-20,103,4,951.5291797506885
2019-12-21,101,1,962.1655674551644
2019-12-22,101,1,894.1827108783593
2019-12-23,101,4,964.0159933011095
2019-12-24,103,2,946.1446566664799
2019-12-25,103,3,990.0640147572068
2019-12-26,102,3,910.7718023993334
2019-12-27,103,1,1006.314766126015
2019-12-28,102,3,1078.6098588008635
2019-12-29,102,2,965.1342389857999
2019-12-30,103,3,1002.3647015955042
2019-12-31,102,1,1024.1167665235266
2020-01-01,103,1,949.3435308095173
2020-01-02,102,2,994.7941301416599
2020-01-03,103,2,981.7200370215018
2020-01-04,103,3,989.4547020155424
2020-01-05,102,3,930.3289439071007
2020-01-06,101,1,988.0164874593414
2020-01-07,102,2,1023.0560430600577
2020-01-08,103,2,1091.7011060761881
2020-01-09,101,2,1059.2195944354762
2020-01-10,102,3,1144.762810993241
2020-01-11,102,2,942.3100087218826
2020-01-12,102,1,1059.0810189353128
2020-01-13,101,1,1012.8517035395504
2020-01-14,103,3,1155.3031128375096
2020-01-15,102,4,947.430130693423
2020-01-16,102,3,947.2145594338638
2020-01-17,102,4,966.0066963248863
2020-01-18,102,2,861.2406676176319
2020-01-19,102,3,975.0349253569996
2020-01-20,103,1,960.593310844037
2020-01-21,103,2,1026.1206581431898
2020-01-22,102,1,1041.3375327193169
2020-01-23,101,2,1150.524567018407
2020-01-24,103,3,1087.4522992793313
2020-01-25,101,4,982.2171013627323
2020-01-26,103,2,961.3325677943989
2020-01-27,102,4,1060.2166329513136
2020-01-28,103,2,934.8622203112806
2020-01-29,102,1,1156.908730113782
2020-01-30,103,1,1112.623745064576
2020-01-31,102,2,998.5018193918049
2020-02-01,102,4,912.6275324639228
2020-02-02,102,3,1128.4394997293862
2020-02-03,102,3,1026.6879748579834
2020-02-04,101,1,1122.303490016017
2020-02-05,102,3,924.9078739134993
2020-02-06,101,1,995.3317447666064
2020-02-07,101,3,1038.3320411261886
2020-02-08,102,2,1041.8357167984086
2020-02-09,101,1,1007.528237707132
2020-02-10,103,1,1083.0204997269298
2020-02-11,102,2,964.9772261766548
2020-02-12,101,1,1029.9344880931037
2020-02-13,102,3,1048.4124102255398
2020-02-14,102,3,1075.9931398882006
2020-02-15,102,1,1089.6862332373744
2020-02-16,101,3,960.9393533956938
2020-02-17,103,4,931.9682758332511
2020-02-18,103,1,1128.3872431049265
2020-02-19,101,2,1061.7080898186562
2020-02-20,102,4,985.4521995790761
2020-02-21,101,1,1145.7324476496663
2020-02-22,101,2,1044.4617258135252
2020-02-23,101,3,1118.037104032162
2020-02-24,102,2,1039.2456973091098
2020-02-25,101,4,1177.7185802831814
2020-02-26,102,3,1155.2032583085263
2020-02-27,101,1,1013.6842760785086
2020-02-28,103,3,1097.8263369599051
2020-02-29,101,1,1073.6227653871995
2020-03-01,101,1,1122.8096351589766
2020-03-02,103,2,957.9522616054021
2020-03-03,102,2,1071.9482547791135
2020-03-04,102,2,1096.3823162201775
2020-03-05,101,4,897.4930677569829
2020-03-06,103,4,936.0374642371636
2020-03-07,102,2,874.3328819224121
2020-03-08,101,4,996.3915412550787
2020-03-09,103,3,1063.6107457653848
2020-03-10,102,3,1116.6470996998312
2020-03-11,102,4,1014.7393595905676
2020-03-12,103,4,1121.602555221808
2020-03-13,103,3,909.0201123175557
2020-03-14,103,1,884.4041258931331
2020-03-15,103,3,997.7571396351486
2020-03-16,101,3,1026.5305290541353
2020-03-17,103,4,995.3586692788114
2020-03-18,102,3,850.9335891802455
2020-03-19,102,4,987.4342293512493
2020-03-20,101,4,900.3936781403899
2020-03-21,102,2,1036.6382619753294
2020-03-22,102,3,1013.5032928743375
2020-03-23,103,1,920.1604528237874
2020-03-24,102,2,948.1270884615741
2020-03-25,101,4,908.1383082379485
2020-03-26,103,4,976.1254826924576
2020-03-27,103,1,1045.6514539706934
2020-03-28,101,4,908.1221505521294
2020-03-29,103,3,1010.7948927932633
2020-03-30,103,2,936.8434744872793
2020-03-31,101,4,916.975363251304
2020-04-01,103,4,963.5680845614112
2020-04-02,101,1,897.2493298414892
2020-04-03,101,3,929.6926171866805
2020-04-04,102,4,883.4072556265712
2020-04-05,102,1,1103.6819431371405
2020-04-06,103,4,967.5967126085116
2020-04-07,103,1,915.2117197277317
2020-04-08,101,1,978.3248404439297
2020-04-09,103,3,954.7286399138603
2020-04-10,101,4,946.4625896341802
2020-04-11,101,3,1004.3561428335969
2020-04-12,103,1,1013.9205944573504
2020-04-13,101,2,923.3882973424371
2020-04-14,102,4,919.943094747966
2020-04-15,103,2,940.8231000802091
2020-04-16,102,4,798.8683720482188
2020-04-17,103,3,853.9655859606362
2020-04-18,101,3,1055.8361725531754
2020-04-19,103,3,1075.5283191092037
2020-04-20,102,3,943.2726896459167
2020-04-21,101,3,1001.4870495841491
2020-04-22,103,2,983.4355823441359
2020-04-23,103,3,1177.7855973216845
2020-04-24,103,1,1041.3443742295833
2020-04-25,102,1,954.8226341160813
2020-04-26,102,2,897.7823087398343
2020-04-27,103,4,853.2004774775727
2020-04-28,101,1,980.9616075320697
2020-04-29,101,4,914.9252187623406
2020-04-30,102,2,869.542938010852
2020-05-01,101,4,925.1487546999074
2020-05-02,102,4,896.0826177058099
2020-05-03,103,4,1091.3435216399585
2020-05-04,102,4,1036.47789644498
2020-05-05,102,2,975.7876139132318
2020-05-06,103,1,1081.583497308638
2020-05-07,101,3,985.0999179197084
2020-05-08,102,4,921.1417501681773
2020-05-09,102,1,1089.8442487659468
2020-05-10,103,1,1022.7851128665615
2020-05-11,101,2,914.3273641529591
2020-05-12,102,1,975.5167293454133
2020-05-13,103,2,929.4808940259712
2020-05-14,102,4,895.9349853129133
2020-05-15,103,4,1059.538358323304
2020-05-16,101,3,1130.3532907625818
2020-05-17,101,3,900.7908546594264
2020-05-18,101,3,1040.0981631482023
2020-05-19,101,1,957.1433430624911
2020-05-20,102,4,970.5808329514458
2020-05-21,102,2,965.1916254447656
2020-05-22,101,3,948.1427920581018
2020-05-23,101,2,1013.9600548115167
2020-05-24,101,2,954.3120242755434
2020-05-25,102,3,1033.2943119654753
2020-05-26,101,4,1012.6935698803746
2020-05-27,101,3,1001.2912604903669
2020-05-28,101,2,956.2505189812745
2020-05-29,103,3,981.1188941004755
2020-05-30,101,2,1076.029463939313
2020-05-31,103,2,1059.817604018508
2020-06-01,103,3,957.8639858913045
2020-06-02,101,1,1034.7198481101357
2020-06-03,103,3,1081.7680170627352
2020-06-04,101,1,913.6439683406882
2020-06-05,102,2,1069.7927311185163
2020-06-06,102,2,986.5496569033139
2020-06-07,102,1,1073.9687130599143
2020-06-08,102,2,981.6071022344593
2020-06-09,103,1,909.6143632179824
2020-06-10,101,1,922.8591351346595
2020-06-11,101,2,1040.8920989686478
2020-06-12,101,4,1056.3519789002116
2020-06-13,102,1,975.4190824695897
2020-06-14,102,3,1083.875777838573
2020-06-15,101,3,923.2230454998614
2020-06-16,102,2,1035.1602050498013
2020-06-17,101,4,955.171554310818
2020-06-18,101,2,994.3712221681296
2020-06-19,101,4,1043.2747395837018
2020-06-20,101,1,979.5851086265858
2020-06-21,101,1,1012.6528533295461
2020-06-22,101,1,1109.671026554817
2020-06-23,101,1,998.4088316334484
2020-06-24,102,3,1096.75348498074
2020-06-25,101,3,958.543714276256
2020-06-26,101,2,1073.983605130993
2020-06-27,102,4,1136.9890106316673
2020-06-28,102,1,862.1558074571187
2020-06-29,102,1,978.3920608740074
2020-06-30,101,4,1073.488164926453
2020-07-01,103,4,1017.715610712182
2020-07-02,103,2,1056.6648652414128
2020-07-03,102,4,987.0848617505387
2020-07-04,103,1,1034.030886389307
2020-07-05,102,1,1015.6080617974372
2020-07-06,101,1,1106.7198297328423
2020-07-07,103,1,1041.1917368827449
2020-07-08,101,1,1045.3632131145541
2020-07-09,103,2,991.1940718087238
2020-07-10,101,1,984.1374032006931
2020-07-11,103,2,986.1894801043992
2020-07-12,101,1,1042.2377547777855
2020-07-13,101,3,983.2781850685185
2020-07-14,103,3,1031.1204715150636
2020-07-15,101,3,1154.1763353084427
2020-07-16,101,3,1067.9168154500542
2020-07-17,101,2,982.1389041624213
2020-07-18,103,2,1087.0555923748507
2020-07-19,103,4,972.4079831235795
2020-07-20,101,1,856.3047505431279
2020-07-21,101,3,926.4102008072274
2020-07-22,103,2,864.0311404843329
2020-07-23,103,1,968.4034944096167
2020-07-24,101,1,992.3390609357967
2020-07-25,101,2,1106.4630932546493
2020-07-26,101,3,1010.0873176881234
2020-07-27,102,4,969.9872719685924
2020-07-28,103,1,1041.5412887132227
2020-07-29,102,4,826.9032995979757
2020-07-30,103,3,996.4214470267766
2020-07-31,103,3,1032.1848167389437
2020-08-01,103,4,873.0734691964392
2020-08-02,103,3,1055.0460941939214
2020-08-03,103,1,997.1493931560902
2020-08-04,103,4,942.9221736843376
2020-08-05,103,3,1014.8947459054888
2020-08-06,102,4,1128.2296875956008
2020-08-07,101,1,980.7697787077101
2020-08-08,101,3,984.2524207019338
2020-08-09,102,1,933.6423458011001
2020-08-10,102,3,905.3146201802055
2020-08-11,102,2,1022.0213228296897
2020-08-12,102,3,903.1562741459904
2020-08-13,103,4,967.3683802716394
2020-08-14,101,3,928.2934076370414
2020-08-15,103,1,994.72435845396
2020-08-16,101,1,984.1154501274308
2020-08-17,101,3,1033.0483127678715
2020-08-18,102,4,924.4797107581894
2020-08-19,103,2,941.149482331586
2020-08-20,102,4,891.4870141915687
2020-08-21,103,2,928.9596705681196
2020-08-22,101,1,986.6307864665241
2020-08-23,102,4,1013.4679382014602
2020-08-24,102,2,896.2849280068851
2020-08-25,101,3,1022.1645691220441
2020-08-26,101,1,1056.7392083008804
2020-08-27,101,3,991.4327736136478
2020-08-28,102,1,1094.6095591109215
2020-08-29,103,4,909.9020263604557
2020-08-30,102,4,877.8646722426073
2020-08-31,103,1,841.4908207415274
2020-09-01,102,1,1071.820055857865
2020-09-02,102,1,1014.0805063664926
2020-09-03,101,4,965.6412360279015
2020-09-04,103,2,990.4633731291236
2020-09-05,102,3,893.4875631748178
2020-09-06,102,3,1144.9499683260663
2020-09-07,101,4,984.3339637618301
2020-09-08,101,3,984.5490338445132
2020-09-09,103,1,1029.355738563403
2020-09-10,102,2,1013.9370064232987
2020-09-11,103,3,997.7018510349171
2020-09-12,102,2,928.5052823059056
2020-09-13,103,1,1018.6901993860794
2020-09-14,101,3,1119.3138233494774
2020-09-15,102,4,1083.6672692929276
2020-09-16,103,2,1102.9529622529224
2020-09-17,101,1,957.6082541548739
2020-09-18,101,2,926.1009803844099
2020-09-19,103,3,988.559763988953
2020-09-20,102,3,1003.2637093562046
2020-09-21,102,4,1077.956081143529
2020-09-22,101,1,884.8864541476325
2020-09-23,102,1,1112.4154082707732
2020-09-24,102,4,996.2608762586942
2020-09-25,102,4,979.3959977536258
2020-09-26,101,1,940.3634205225491
2020-09-27,103,2,897.2757929224292
2020-09-28,102,2,1072.6099514233124
2020-09-29,101,4,1021.9550566213522
2020-09-30,101,2,928.3182760723244
2020-10-01,103,1,929.7062359929294
2020-10-02,102,3,998.5521382993586
2020-10-03,102,3,1140.5287600511845
2020-10-04,103,2,1007.1068139248232
2020-10-05,103,4,921.5759746846919
2020-10-06,101,4,1011.0447638011973
2020-10-07,101,4,1010.53632305405
2020-10-08,103,4,842.1510505767387
2020-10-09,102,4,1028.3613008933626
2020-10-10,101,2,1017.1449622977038
2020-10-11,101,3,1083.110004211132
2020-10-12,102,3,1164.7817435880074
2020-10-13,101,2,1115.105258647895
2020-10-14,102,4,1018.2237924883831
2020-10-15,102,2,960.2968857540895
2020-10-16,102,3,1218.5022195456136
2020-10-17,103,1,1043.0297600491235
2020-10-18,103,2,1040.279765528472
2020-10-19,103,4,1037.9379631050851
2020-10-20,102,3,1053.7156104039443
2020-10-21,102,3,1029.867802823363
2020-10-22,103,3,999.8401339226741
2020-10-23,101,3,1001.6398209074654
2020-10-24,102,4,1037.4509111920959
2020-10-25,101,1,1001.4282610385949
2020-10-26,101,3,989.194495708289
2020-10-27,102,2,1046.0718080202216
2020-10-28,102,1,1020.2047443320114
2020-10-29,101,3,1142.6690031657604
2020-10-30,101,1,851.0644975281218
2020-10-31,103,2,1112.1891920183534
2020-11-01,103,3,1122.071563481601
2020-11-02,102,2,888.6830755084034
2020-11-03,103,4,1008.7225185954333
2020-11-04,103,3,1005.5182883753608
2020-11-05,103,3,931.723047721195
2020-11-06,103,3,974.455809163884
2020-11-07,101,3,949.7445366655817
2020-11-08,102,4,1148.6569476399982
2020-11-09,103,3,1089.9436933708262
2020-11-10,101,1,1111.8421489669656
2020-11-11,101,3,1071.6803519278274
2020-11-12,101,4,940.4068013400466
2020-11-13,103,3,980.9525336271848
2020-11-14,103,1,1050.1095353153853
2020-11-15,102,4,928.4491081358303
2020-11-16,103,4,1062.01769575232
2020-11-17,103,1,993.364515442692
2020-11-18,101,1,982.0038615309535
2020-11-19,102,1,1056.0419415761808
2020-11-20,103,1,1035.3909177567887
2020-11-21,103,1,977.0318675168613
2020-11-22,101,4,1081.453850980871
2020-11-23,101,4,922.6268456793291
2020-11-24,103,3,1039.4215308821638
2020-11-25,102,3,1035.8371192188267
2020-11-26,102,2,970.6799701380625
2020-11-27,101,3,1013.2248476387973
2020-11-28,101,3,900.888907084572
2020-11-29,103,1,1051.2488969757974
2020-11-30,101,1,971.7575797702294
2020-12-01,103,3,946.2820817838211
2020-12-02,102,2,1054.5181122748722
2020-12-03,102,1,930.0454528588098
2020-12-04,103,3,879.0708806493083
2020-12-05,101,3,867.0686198847561
2020-12-06,102,4,1016.8827551252695
2020-12-07,101,2,883.3252319097496
2020-12-08,102,4,1094.351705075734
2020-12-09,103,2,824.4130744223428
2020-12-10,103,1,1087.6067135128935
2020-12-11,103,2,982.410472055707
2020-12-12,102,3,959.7346981629971
2020-12-13,101,3,927.3093675756553
2020-12-14,101,2,992.42866706479
2020-12-15,101,2,960.9789039569195
2020-12-16,102,2,1040.059606651703
2020-12-17,102,4,970.1324615549444
2020-12-18,102,2,972.0603396547006
2020-12-19,102,1,935.585183630297
2020-12-20,102,4,956.6480515704795
2020-12-21,101,4,981.8749696847194
2020-12-22,102,2,840.4108162326394
2020-12-23,102,1,865.643054750488
2020-12-24,101,4,1012.0378905497712
2020-12-25,102,3,972.06330997081
2020-12-26,101,4,947.416943489488
2020-12-27,101,2,961.8784399609294
2020-12-28,103,1,985.3095809468903
2020-12-29,103,2,923.6840133993942
2020-12-30,103,3,907.5705016473124
2020-12-31,103,3,976.4404923426495
2021-01-01,102,3,895.0178743927314
2021-01-02,103,2,992.9455271369386
2021-01-03,101,4,846.139909208953
2021-01-04,102,2,1038.401263422711
2021-01-05,103,1,1000.5658814419369
2021-01-06,101,4,986.611100859945
2021-01-07,102,3,1038.7606112640215
2021-01-08,102,2,1087.9137301859541
2021-01-09,103,3,1043.76635908212
2021-01-10,102,3,845.3972784725048
2021-01-11,101,1,886.2504475364983
2021-01-12,102,4,933.706330631292
2021-01-13,101,1,980.949179621935
2021-01-14,102,1,1017.090294689302
2021-01-15,103,1,931.8313081059073
2021-01-16,101,3,997.5296678283019
2021-01-17,102,1,933.4406602574813
2021-01-18,102,1,945.4068897305533
2021-01-19,102,4,891.67199060006
2021-01-20,101,4,927.4617207867782
2021-01-21,101,1,899.4396820160028
2021-01-22,101,4,927.7308859895751
2021-01-23,103,4,1071.7912416538547
2021-01-24,103,1,933.5776040539927
2021-01-25,101,3,1186.3013923945896
2021-01-26,102,1,1038.5609369413623
2021-01-27,103,4,1018.951178950468
2021-01-28,101,3,947.8965435968666
2021-01-29,102,2,1058.9522678721128
2021-01-30,103,3,971.5600953117312
2021-01-31,102,4,1022.2899663244027
2021-02-01,102,3,1194.8153670911336
2021-02-02,102,1,1010.7064110503958
2021-02-03,102,2,1099.6573240575276
2021-02-04,103,2,971.7154181705158
2021-02-05,103,2,1020.1658167906936
2021-02-06,103,4,1148.1917730659763
2021-02-07,101,4,981.9081752726511
2021-02-08,103,2,1154.1629328848187
2021-02-09,102,3,1078.261619192749
2021-02-10,103,2,990.7019767813797
2021-02-11,102,3,1075.6236892458182
2021-02-12,101,3,1100.6360838644214
2021-02-13,102,4,1077.2047183988961
2021-02-14,102,3,924.7988617910672
2021-02-15,102,2,984.7647926139169
2021-02-16,101,4,1019.1987507576646
2021-02-17,103,1,1032.0840819176442
2021-02-18,103,1,1081.4176188592455
2021-02-19,101,4,1050.9908855166914
2021-02-20,102,2,945.5625943010907
2021-02-21,103,1,1066.0378615220427
2021-02-22,101,1,1082.4537871640698
2021-02-23,103,3,1079.087628111485
2021-02-24,101,3,1115.6467243460695
2021-02-25,102,2,1098.356441820179
2021-02-26,103,4,1072.014380086918
2021-02-27,101,2,1034.7503996064604
2021-02-28,103,4,923.0858245871331
2021-03-01,103,1,1069.01909356708
2021-03-02,103,3,1052.9793403607844
2021-03-03,103,2,1056.8510219087525
2021-03-04,101,2,947.7728224920552
2021-03-05,102,4,960.6831407531582
2021-03-06,101,4,1109.1988002852563
2021-03-07,101,2,1031.7415649774614
2021-03-08,101,4,1081.1615416672987
2021-03-09,102,2,1034.3012224758115
2021-03-10,103,2,1033.1835286978558
2021-03-11,103,2,1095.4843928374937
2021-03-12,103,1,992.3108271358275
2021-03-13,102,4,1033.7207741016236
2021-03-14,103,3,993.1239443691519
2021-03-15,102,3,993.4956787559481
2021-03-16,103,4,1000.6358025467237
2021-03-17,103,2,1036.1389686913135
2021-03-18,101,3,985.3374913591014
2021-03-19,102,3,1104.9659989439294
2021-03-20,101,4,952.6110854875462
2021-03-21,101,3,1000.2850319826416
2021-03-22,101,2,980.6839152689878
2021-03-23,102,4,1110.823926774717
2021-03-24,102,2,1021.3408610263463
2021-03-25,103,3,1077.8387451158874
2021-03-26,101,3,899.6339807760967
2021-03-27,103,2,1020.3212489048427
2021-03-28,101,1,1061.9023409149154
2021-03-29,102,3,1003.3894487411443
2021-03-30,102,1,1070.2205048588025
2021-03-31,102,3,957.4449017407857
2021-04-01,101,1,1090.3434876669025
2021-04-02,102,1,1150.6668818680268
2021-04-03,101,1,962.4257949704192
2021-04-04,103,2,954.7502311132733
2021-04-05,101,1,1085.8183885759722
2021-04-06,103,1,1092.837380967137
2021-04-07,101,1,943.8973068916016
2021-04-08,103,3,949.3633556932818
2021-04-09,102,1,957.3834822321726
2021-04-10,103,3,881.3860581085818
2021-04-11,102,1,909.6423899103515
2021-04-12,102,1,902.1737211418484
2021-04-13,103,2,917.3021206297229
2021-04-14,101,3,967.276748489052
2021-04-15,101,1,984.8321847987909
2021-04-16,101,3,1075.7835416119117
2021-04-17,101,3,896.2569395324675
2021-04-18,101,4,1034.02213360779
2021-04-19,102,2,949.2053728692243
2021-04-20,101,2,959.8766784077044
2021-04-21,102,2,1009.8226817155853
2021-04-22,102,4,883.3344721567605
2021-04-23,102,4,988.1285599379686
2021-04-24,103,2,972.5429765013131
2021-04-25,103,4,994.992105956062
2021-04-26,102,4,980.4901962439255
2021-04-27,103,4,1131.9466329788638
2021-04-28,101,2,915.3608464520557
2021-04-29,101,2,922.8598532204736
2021-04-30,102,2,916.5367030254828
2021-05-01,101,4,921.4996292388529
2021-05-02,102,2,916.0914381723984
2021-05-03,102,4,1044.3634119598591
2021-05-04,101,1,1061.08841896121
2021-05-05,103,4,922.3175950843737
2021-05-06,101,3,904.7159653358508
2021-05-07,101,2,996.7834927886744
2021-05-08,102,2,926.0228592601152
2021-05-09,102,3,1009.9660535448309
2021-05-10,102,4,980.933621754447
2021-05-11,102,1,861.7782663850271
2021-05-12,103,3,1077.43734505424
2021-05-13,103,3,1096.1322485655523
2021-05-14,103,4,928.9083661695231
2021-05-15,102,2,946.1177047418022
2021-05-16,102,4,994.7874747595303
2021-05-17,102,3,999.7720007998847
2021-05-18,103,3,1024.100340304684
2021-05-19,102,2,1120.4137575887687
2021-05-20,101,2,969.0610734360635
2021-05-21,101,2,927.3608836180581
2021-05-22,102,4,888.5255431954381
2021-05-23,101,2,935.7862822870494
2021-05-24,101,3,986.5386076500522
2021-05-25,103,3,1116.410507323415
2021-05-26,102,1,956.5156436326802
2021-05-27,102,4,1010.3886940050224
2021-05-28,103,1,995.5622258988896
2021-05-29,101,3,1081.8958677150247
2021-05-30,101,1,1177.59334681537
2021-05-31,102,3,965.5452315066007
2021-06-01,101,1,970.4364895368083
2021-06-02,103,2,1079.7679761299773
2021-06-03,103,1,1056.3718949213708
2021-06-04,102,2,1139.8501851341787
2021-06-05,103,2,1053.3703808200771
2021-06-06,103,4,989.2284649946336
2021-06-07,102,2,1057.572313210675
2021-06-08,103,2,1095.6427316784323
2021-06-09,103,1,1077.2291653859206
2021-06-10,103,3,1057.0170483215886
2021-06-11,101,4,1097.8337893930116
2021-06-12,102,2,1106.6180430927682
2021-06-13,102,4,1123.0573662931815
2021-06-14,102,1,1073.1890623185354
2021-06-15,101,2,1017.4848038735342
2021-06-16,101,1,1040.7837843790103
2021-06-17,102,4,1116.2239421426978
2021-06-18,101,1,975.757901434842
2021-06-19,102,4,1059.8432726024678
2021-06-20,101,1,1007.5100940690918
2021-06-21,103,4,1037.9760272112205
2021-06-22,103,3,1126.2857076676876
2021-06-23,102,1,1050.9092336947353
2021-06-24,101,1,1041.427267751548
2021-06-25,101,3,943.5357680678933
2021-06-26,103,3,1091.4156420373754
2021-06-27,103,1,1084.7160552467408
2021-06-28,101,3,1191.2154535311784
2021-06-29,101,2,1018.3991584497606
2021-06-30,101,4,1055.340331544623
2021-07-01,101,4,1057.4128614895537
2021-07-02,101,4,1150.2340590345077
2021-07-03,101,2,1032.8984579154742
2021-07-04,102,3,1058.758565462237
2021-07-05,101,3,1081.3396805966347
2021-07-06,103,1,1051.3124826831345
2021-07-07,102,3,1006.3668054993432
2021-07-08,101,1,1050.4767491707953
2021-07-09,103,2,1111.2257563961364
2021-07-10,102,4,963.3063871361436
2021-07-11,103,4,1043.4733716411813
2021-07-12,101,4,984.0746778180586
2021-07-13,101,3,1115.5713486936443
2021-07-14,101,1,924.0501725500907
2021-07-15,101,1,990.2272306266038
2021-07-16,102,2,1054.3617311270534
2021-07-17,102,3,1136.0788441658535
2021-07-18,103,2,1020.3586894828059
2021-07-19,101,1,984.5038965080075
2021-07-20,103,1,1153.3971063672957
2021-07-21,102,4,918.6491076380064
2021-07-22,101,3,864.3376180838077
2021-07-23,101,1,1047.253375349916
2021-07-24,102,4,979.4657745990794
2021-07-25,102,3,941.2439632449496
2021-07-26,102,2,1060.4040828740726
2021-07-27,102,3,1025.9470104517072
2021-07-28,102,3,967.435087484653
2021-07-29,101,1,915.3216170028463
2021-07-30,102,1,1064.024916424955
2021-07-31,101,3,1046.4695837172158
2021-08-01,101,1,992.0134003547828
2021-08-02,102,1,1126.2231202810026
2021-08-03,102,1,920.0630187428009
2021-08-04,101,4,886.2051872477824
2021-08-05,102,4,942.5988976249558
2021-08-06,102,3,985.9043688493922
2021-08-07,102,1,1004.2193347705027
2021-08-08,103,4,968.4212619846893
2021-08-09,101,3,1008.1105993907075
2021-08-10,103,1,894.0592221269983
2021-08-11,102,2,1080.9765872888781
2021-08-12,103,1,972.4587725761077
2021-08-13,102,1,1054.7708185985866
2021-08-14,103,4,998.9602274744603
2021-08-15,102,3,1005.4140847406621
2021-08-16,103,3,1011.8633579580554
2021-08-17,103,4,1001.9275727713456
2021-08-18,103,1,1014.2604067377814
2021-08-19,101,2,1061.069140095404
2021-08-20,103,1,980.6235064963971
2021-08-21,101,1,1015.4186644627873
2021-08-22,102,2,958.5137908251476
2021-08-23,103,4,1064.6983759425568
2021-08-24,102,3,915.7278469199969
2021-08-25,102,4,1088.4185680707865
2021-08-26,103,4,958.9132094740764
2021-08-27,101,1,861.0372065244032
2021-08-28,103,3,969.7229714996313
2021-08-29,102,3,912.7443356216485
2021-08-30,102,4,1019.0242237700701
2021-08-31,103,2,914.3562518090246
2021-09-01,101,4,928.7677244177877
2021-09-02,101,2,827.7933257161051
2021-09-03,102,3,928.560172932384
2021-09-04,102,4,790.8099260589379
2021-09-05,101,1,849.9669206439543
2021-09-06,103,4,1014.5256628932536
2021-09-07,102,3,1016.8559049951795
2021-09-08,101,1,992.2805355381216
2021-09-09,102,1,895.552522721749
2021-09-10,103,2,960.7352830628292
2021-09-11,101,1,964.7469191040823
2021-09-12,102,1,884.9250714743794
2021-09-13,103,4,1072.344939518361
2021-09-14,102,3,1029.701092635461
2021-09-15,103,2,954.0761831803819
2021-09-16,103,4,972.7597520816516
2021-09-17,101,1,986.8713983869808
2021-09-18,103,1,830.8392935810925
2021-09-19,102,2,958.0000346334198
2021-09-20,103,3,929.1670020983247
2021-09-21,103,2,908.4536700380154
2021-09-22,101,4,960.6047926622507
2021-09-23,103,2,1107.8838976753984
2021-09-24,103,1,1028.7137447639518
2021-09-25,102,4,945.7214736003198
2021-09-26,101,1,1027.6697885374772
2021-09-27,101,3,1087.459886412863
2021-09-28,101,1,1056.1716076847165
2021-09-29,103,1,997.5849972253269
2021-09-30,101,2,950.1053877317371
2021-10-01,103,1,1046.258205158523
2021-10-02,103,4,1026.924703423395
2021-10-03,102,4,1064.0439529454934
2021-10-04,102,3,1047.8387044110236
2021-10-05,102,4,1078.8331791781798
2021-10-06,102,2,969.8724266801346
2021-10-07,102,3,1101.5125350606222
2021-10-08,103,4,1025.0597492360835
2021-10-09,103,2,1158.4008008378246
2021-10-10,101,4,966.761330824136
2021-10-11,103,4,1138.3563792672783
2021-10-12,103,1,1032.485014330323
2021-10-13,102,4,974.7777772314058
2021-10-14,103,4,988.1998751155393
2021-10-15,102,2,1001.2872497267301
2021-10-16,101,2,1054.9835887949491
2021-10-17,101,1,1063.40765119622
2021-10-18,103,4,988.1003522893144
2021-10-19,101,1,1027.9340829738
2021-10-20,103,4,1180.903299576516
2021-10-21,101,3,1153.1005216016863
2021-10-22,102,3,1063.8628672986472
2021-10-23,102,1,1037.0448814468439
2021-10-24,102,1,1043.7653147111887
2021-10-25,102,1,1079.199474410036
2021-10-26,103,2,965.4572170725271
2021-10-27,101,2,1019.7432068893706
2021-10-28,103,2,921.5711679636913
2021-10-29,102,1,1066.8342501945513
2021-10-30,103,4,1084.6117245422097
2021-10-31,101,3,1005.8060840022058
2021-11-01,103,1,1150.0302851911556
2021-11-02,101,2,954.1700834730884
2021-11-03,103,2,937.4899930091461
2021-11-04,101,1,1055.6304469066893
2021-11-05,101,1,1113.0385095143004
2021-11-06,102,2,1157.3400420836701
2021-11-07,101,4,1006.9680384247881
2021-11-08,102,2,1114.1247238253804
2021-11-09,102,2,1035.352078727382
2021-11-10,102,1,1025.299267339679
2021-11-11,103,4,1098.481442225653
2021-11-12,103,2,1081.4383723141302
2021-11-13,103,2,924.4894232644965
2021-11-14,103,3,1137.1687281194697
2021-11-15,101,1,1129.3068181635233
2021-11-16,101,3,987.7188199736976
2021-11-17,103,3,1057.943488012606
2021-11-18,101,2,1063.4728079499723
2021-11-19,101,1,1045.7191010647548
2021-11-20,102,4,987.4631536982683
2021-11-21,102,2,977.4185079684559
2021-11-22,102,4,1021.029920376094
2021-11-23,102,4,1103.2392634354144
2021-11-24,101,1,1057.4769100842013
2021-11-25,103,3,991.7100110600312
2021-11-26,101,1,1069.8559157526574
2021-11-27,101,4,814.583429997118
2021-11-28,101,2,1092.5044736489963
2021-11-29,102,4,888.3901504004566
2021-11-30,102,2,982.8530693178848
2021-12-01,102,2,927.8803073383572
2021-12-02,103,1,913.6471216665882
2021-12-03,101,4,1083.5396402522802
2021-12-04,103,3,967.5439179881648
2021-12-05,102,4,1022.538803387545
2021-12-06,103,4,993.0039110081647
2021-12-07,101,3,1027.6953064868253
2021-12-08,101,1,997.7083189182432
2021-12-09,102,4,900.5688378532351
2021-12-10,102,4,1058.18852716539
2021-12-11,103,2,951.9873146007418
2021-12-12,102,4,875.7235854407584
2021-12-13,102,3,952.8885812321139
2021-12-14,101,2,1086.1250014625791
2021-12-15,102,1,1038.8498222866683
2021-12-16,102,2,953.2427886373852
2021-12-17,101,3,951.5704037152736
2021-12-18,101,3,951.9339358070775
2021-12-19,103,2,1118.3145603357816
2021-12-20,102,1,998.2391256418147
2021-12-21,101,2,1000.2392278374846
2021-12-22,103,1,1040.9634665307995
2021-12-23,103,2,984.344052807089
2021-12-24,102,3,948.3619595066697
2021-12-25,102,4,951.700263593657
2021-12-26,103,4,959.4688783075089
2021-12-27,101,1,961.0004024335711
2021-12-28,103,1,1013.755985715492
2021-12-29,102,1,965.7670141829344
2021-12-30,101,3,1012.819145369696
2021-12-31,101,2,955.3838612627467
